<coordinator-app xmlns = "uri:oozie:coordinator:0.2" name =   "optimizing for the case study" 
frequency = "0,20,40 13,23 * * MON-FRI" start = "2019-01-22T13:00Z" end = "2025-03-29T23:00Z" timezone = "America/New_York" >  
<controls>      
<timeout>1</timeout>      
<concurrency>1</concurrency>      
<execution>FIFO</execution>     
<throttle>1</throttle>  
 </controls>   
 <action>      
 <workflow>        
 <app-path>${nameNode}/user/maria_dev/Creditcard_Incremental_casestudy/workflow_Inc.xml</app-path>      
 </workflow>  
  </action>
  </coordinator-app>