<workflow-app xmlns = "uri:oozie:workflow:0.2" name = "workflow using Incremental append">
   
 <start to="sqoop-node"/>

  <!--node name-->        
  <action name="sqoop-node">         
    <sqoop xmlns="uri:oozie:sqoop-action:0.2">
      <!--job tracking node is http://sandbox.hortonworks.com:8050 which is defined in job properties-->  
      <job-tracker>${jobTracker}</job-tracker>
      <!--name node is http://sandbox.hortonworks.com:8020 which is defined in job properties-->
      <name-node>${nameNode}</name-node>
      <prepare>               
        <delete path="${nameNode}/user/maria_dev/Credit_Card_System/CDW_SAPP_CREDITCARD_Inc"/>          
      </prepare>            
      <configuration> 
        <property>
          <name>mapred.job.queue.name</name>       
          <value>${queueName}</value>
        </property>          
      </configuration>
      <command>job --meta-connect jdbc:hsqldb:hsql://localhost:16000/sqoop --exec Job_Appendcreditcard</command>
      <archive>/user/maria_dev/lib/java-json.jar</archive>         
    </sqoop>  
    <ok to="sqoop-node1" /> 
    <error to="kill_job" />
  </action>


<action name="sqoop-node1">    
  <!--node name-->      
  <sqoop xmlns="uri:oozie:sqoop-action:0.2">
    <!--job tracking node is http://sandbox.hortonworks.com:8050 which is defined in job properties-->        
    <job-tracker>${jobTracker}</job-tracker> 
    <!--name node is http://sandbox.hortonworks.com:8020 which is defined in job properties-->            
    <name-node>${nameNode}</name-node>            
    <prepare>               
     <delete path="${nameNode}/user/maria_dev/Credit_Card_System/CDW_SAPP_BRANCH_Inc"/>          
    </prepare>            
    <configuration> 
      <property>
        <name>mapred.job.queue.name</name>       
        <value>${queueName}</value>
      </property>          
    </configuration>
    <command>job --meta-connect jdbc:hsqldb:hsql://localhost:16000/sqoop --exec Job_Appendbranch</command>   
    <archive>/user/maria_dev/lib/java-json.jar</archive>    
  </sqoop>    
  <ok to = "sqoop-node2" /> 
  <error to = "kill_job" />
</action> 


<action name="sqoop-node2">    
<!--node name-->      
<sqoop xmlns="uri:oozie:sqoop-action:0.2">     
<job-tracker>${jobTracker}</job-tracker>  <!--job tracking node is http://sandbox.hortonworks.com:8050 which is defined in job properties-->             <name-node>${nameNode}</name-node> <!--name node is http://sandbox.hortonworks.com:8020 which is defined in job properties-->             <prepare>               
<delete path="${nameNode}/user/maria_dev/Credit_Card_System/CDW_SAPP_CUSTOMER_Inc"/>          
  </prepare>            
  <configuration> 
                 <property>
                    <name>mapred.job.queue.name</name>       
                                 <value>${queueName}</value>
</property>          
</configuration>
 <command>job --meta-connect jdbc:hsqldb:hsql://localhost:16000/sqoop --exec Job_Appendcustomer
  </command>   
    <archive>/user/maria_dev/lib/java-json.jar</archive>    
   </sqoop>    
   <ok to = "sqoop-node3" /> 
   <error to = "kill_job" />
</action>   
<action name="sqoop-node3">    <!--node name-->      
<sqoop xmlns="uri:oozie:sqoop-action:0.2">     
<job-tracker>${jobTracker}</job-tracker>  <!--job tracking node is http://sandbox.hortonworks.com:8050 which is defined in job properties-->             <name-node>${nameNode}</name-node> <!--name node is http://sandbox.hortonworks.com:8020 which is defined in job properties-->             <prepare>               
<delete path="${nameNode}/user/maria_dev/Credit_Card_System/CDW_SAPP_TIMEID_Inc"/>          
  </prepare>            
  <configuration> 
                 <property>
                    <name>mapred.job.queue.name</name>       
                                 <value>${queueName}</value>
</property>          
</configuration>
 <command>job --meta-connect jdbc:hsqldb:hsql://localhost:16000/sqoop --exec Job_Appendtimeid

  </command>   
    <archive>/user/maria_dev/lib/java-json.jar</archive>    
   </sqoop>     
   
  <ok to = "Create_External_Branch_Incremental" /> 
   <error to = "kill_job" />
</action>


<action name = "Create_External_Branch_Incremental">
<hive xmlns = "uri:oozie:hive-action:0.4">
<job-tracker>${jobTracker}</job-tracker>
<name-node>${nameNode}</name-node>


<script>${nameNode}/user/maria_dev/Creditcard_Incremental_casestudy/Incremental_branch.hive</script>
</hive>

<ok to = "Create_External_Customer_Incremental" />
<error to = "kill_job" />
</action>

<action name = "Create_External_Customer_Incremental">
<hive xmlns = "uri:oozie:hive-action:0.4">
<job-tracker>${jobTracker}</job-tracker>
<name-node>${nameNode}</name-node>
<script>${nameNode}/user/maria_dev/Creditcard_Incremental_casestudy/Incremental_cust.hive</script>
</hive>

<ok to = "Create_External_Creditcard_Incremental" />
<error to = "kill_job" />
</action>

<action name = "Create_External_Creditcard_Incremental">
<hive xmlns = "uri:oozie:hive-action:0.4">
<job-tracker>${jobTracker}</job-tracker>
<name-node>${nameNode}</name-node>

<script>${nameNode}/user/maria_dev/Creditcard_Incremental_casestudy/Incremental_creditcard.hive</script>

</hive>

<ok to = "Create_External_Timeid_Incremental" />
<error to = "kill_job" />
</action>

<action name = "Create_External_Timeid_Incremental">
<hive xmlns = "uri:oozie:hive-action:0.4">
<job-tracker>${jobTracker}</job-tracker>
<name-node>${nameNode}</name-node>

<script>${nameNode}/user/maria_dev/Creditcard_Incremental_casestudy/Incremental_timeid.hive</script>

</hive>

<ok to = "end" />
<error to = "kill_job" />
</action>

<kill name = "kill_job">
<message>Job failed</message>
</kill>

<end name = "end" />
</workflow-app>
