<workflow-app xmlns = "uri:oozie:workflow:0.2" name = "copy data from external tables to oozie tables">
   
 <start to="sqoop-node"/>        
  <action name="sqoop-node">    <!--node name-->      
    <sqoop xmlns="uri:oozie:sqoop-action:0.2">     
           <job-tracker>${jobTracker}</job-tracker>  <!--job tracking node is http://sandbox.hortonworks.com:8050 which is defined in job properties-->             <name-node>${nameNode}</name-node> <!--name node is http://sandbox.hortonworks.com:8020 which is defined in job properties-->             <prepare>               
            <delete path="${nameNode}/user/maria_dev/Credit_Card_System"/>          
              </prepare>            
              <configuration> 
                             <property>
                                <name>mapred.job.queue.name</name>       
                                             <value>${queueName}</value>
           </property>          
            </configuration>
             <command>job --meta-connect jdbc:hsqldb:hsql://localhost:16000/sqoop --exec Job_Creditcardsystem 
              </command>         
               </sqoop>  
               <ok to = "sqoop-node1" /> 
               <error to = "kill_job" />
   </action>
               <action name="sqoop-node1">    <!--node name-->      
    <sqoop xmlns="uri:oozie:sqoop-action:0.2">     
           <job-tracker>${jobTracker}</job-tracker>  <!--job tracking node is http://sandbox.hortonworks.com:8050 which is defined in job properties-->             <name-node>${nameNode}</name-node> <!--name node is http://sandbox.hortonworks.com:8020 which is defined in job properties-->             <prepare>               
            <delete path="${nameNode}/user/maria_dev/Credit_Card_System/TimeID"/>          
              </prepare>            
              <configuration> 
                             <property>
                                <name>mapred.job.queue.name</name>       
                                             <value>${queueName}</value>
           </property>          
            </configuration>
             <command>job --meta-connect jdbc:hsqldb:hsql://localhost:16000/sqoop --exec JobTimeid_Creditcardsystem 
 
              </command>         
               </sqoop>        
               <ok to = "Create_External_Branch_oozie" /> 
               <error to = "kill_job" />
   </action>
     

   <action name = "Create_External_Branch_oozie">
      <hive xmlns = "uri:oozie:hive-action:0.4">
         <job-tracker>${jobTracker}</job-tracker>
         <name-node>${nameNode}</name-node>

         
         <script>${nameNode}/user/maria_dev/Creditcard_oozie_casestudy/oozie_Branch_table.hive</script>
      </hive>

      		<ok to = "Create_External_Customer_oozie" />
       <error to = "kill_job" />
   </action>
   
   <action name = "Create_External_Customer_oozie">
      <hive xmlns = "uri:oozie:hive-action:0.4">
        <job-tracker>${jobTracker}</job-tracker>
         <name-node>${nameNode}</name-node>

         <script>${nameNode}/user/maria_dev/Creditcard_oozie_casestudy/oozie_customer_table.hive</script>
      </hive>
		
      <ok to = "Create_External_Creditcard_oozie" />
      <error to = "kill_job" />
   </action>
   
   <action name = "Create_External_Creditcard_oozie">
      <hive xmlns = "uri:oozie:hive-action:0.4">
         <job-tracker>${jobTracker}</job-tracker>
         <name-node>${nameNode}</name-node>

         <script>${nameNode}/user/maria_dev/Creditcard_oozie_casestudy/oozie_creditcard_table.hive</script>
        
      </hive>
		
      <ok to = "Create_External_Timeid_oozie" />
      <error to = "kill_job" />
   </action>
   
<action name = "Create_External_Timeid_oozie">
      <hive xmlns = "uri:oozie:hive-action:0.4">
         <job-tracker>${jobTracker}</job-tracker>
         <name-node>${nameNode}</name-node>

         <script>${nameNode}/user/maria_dev/Creditcard_oozie_casestudy/oozie_Timeid_table.hive</script>
        
      </hive>
      
      <ok to = "end" />
      <error to = "kill_job" />
   </action>

   <kill name = "kill_job">
      <message>Job failed</message>
   </kill>
	
   <end name = "end" />
</workflow-app>
